d_kpi_id,d_level0_id,d_level1_id,Period_int,PeriodName,Grain,Denominator,Numerator,Denominator_LP,Numerator_LP
1,1,1,2019-01-01,01/01/2019,DayName,12070106,13200246.0,0.0,0.0
1,1,1,2019-01-02,02/01/2019,DayName,12803779,12878630.0,0.0,0.0
1,1,1,2019-01-03,03/01/2019,DayName,11764560,13120198.0,0.0,0.0
1,1,1,2019-01-04,04/01/2019,DayName,11660910,12354190.0,0.0,0.0
1,1,1,2019-01-05,05/01/2019,DayName,12854633,12558102.0,0.0,0.0
1,1,1,2019-01-06,06/01/2019,DayName,11251899,11969366.0,0.0,0.0
1,1,1,2019-01-07,07/01/2019,DayName,12227137,11758436.0,0.0,0.0
1,1,1,2019-01-31,2019 January,MonthName,84633024,87839168.0,0.0,0.0
1,1,1,2019-02-01,01/02/2019,DayName,12536095,13042080.0,0.0,0.0
1,1,1,2019-02-02,02/02/2019,DayName,13012762,12438470.0,0.0,0.0
1,1,1,2019-02-03,03/02/2019,DayName,12776825,13194604.0,0.0,0.0
1,1,1,2019-02-04,04/02/2019,DayName,11756882,11903098.0,0.0,0.0
1,1,1,2019-02-05,05/02/2019,DayName,12624150,13148050.0,0.0,0.0
1,1,1,2019-02-06,06/02/2019,DayName,11967622,12743524.0,0.0,0.0
1,1,1,2019-02-07,07/02/2019,DayName,12800222,11972144.0,0.0,0.0
1,1,1,2019-02-28,2019 February,MonthName,87474558,88441970.0,84633024.0,87839168.0
1,1,1,2019-03-01,01/03/2019,DayName,12832956,12023288.0,0.0,0.0
1,1,1,2019-03-02,02/03/2019,DayName,12353579,12497688.0,0.0,0.0
1,1,1,2019-03-03,03/03/2019,DayName,13483090,12122045.0,0.0,0.0
1,1,1,2019-03-04,04/03/2019,DayName,13528932,13618406.0,0.0,0.0
1,1,1,2019-03-05,05/03/2019,DayName,13135589,11785517.0,0.0,0.0
1,1,1,2019-03-06,06/03/2019,DayName,12426433,12125852.0,0.0,0.0
1,1,1,2019-03-07,07/03/2019,DayName,12419053,12109609.0,0.0,0.0
1,1,1,2019-03-31,2019 March,MonthName,90179632,86282405.0,0.0,0.0
1,1,1,2019-03-31,Q1 2019,QuarterName,262287214,262563543.0,0.0,0.0
1,1,1,2019-04-01,01/04/2019,DayName,12166773,12880539.0,0.0,0.0
1,1,1,2019-04-02,02/04/2019,DayName,12043854,12330804.0,0.0,0.0
1,1,1,2019-04-03,03/04/2019,DayName,12603029,12035814.0,0.0,0.0
1,1,1,2019-04-04,04/04/2019,DayName,12850995,12976622.0,0.0,0.0
1,1,1,2019-04-05,05/04/2019,DayName,12667329,11631758.0,0.0,0.0
1,1,1,2019-04-06,06/04/2019,DayName,13175798,13395401.0,0.0,0.0
1,1,1,2019-04-07,07/04/2019,DayName,12564000,12837434.0,0.0,0.0
1,1,1,2019-04-30,2019 April,MonthName,88071778,88088372.0,90179632.0,86282405.0
1,1,1,2019-05-01,01/05/2019,DayName,12281676,12399041.0,0.0,0.0
1,1,1,2019-05-02,02/05/2019,DayName,11776319,11306357.0,0.0,0.0
1,1,1,2019-05-03,03/05/2019,DayName,12662443,11469703.0,0.0,0.0
1,1,1,2019-05-04,04/05/2019,DayName,13162417,12032362.0,0.0,0.0
1,1,1,2019-05-05,05/05/2019,DayName,13563353,11574639.0,0.0,0.0
1,1,1,2019-05-06,06/05/2019,DayName,13141631,12835673.0,0.0,0.0
1,1,1,2019-05-07,07/05/2019,DayName,12745085,11970411.0,0.0,0.0
1,1,1,2019-05-31,2019 May,MonthName,89332924,83588186.0,0.0,0.0
1,1,1,2019-06-01,01/06/2019,DayName,13292761,12931920.0,0.0,0.0
1,1,1,2019-06-02,02/06/2019,DayName,12725836,11701514.0,0.0,0.0
1,1,1,2019-06-03,03/06/2019,DayName,13006717,12829223.0,0.0,0.0
1,1,1,2019-06-04,04/06/2019,DayName,13078144,13093885.0,0.0,0.0
1,1,1,2019-06-05,05/06/2019,DayName,12141643,11940724.0,0.0,0.0
1,1,1,2019-06-06,06/06/2019,DayName,12144413,13155203.0,0.0,0.0
1,1,1,2019-06-07,07/06/2019,DayName,13064691,12111019.0,0.0,0.0
1,1,1,2019-06-30,2019 June,MonthName,89454205,87763488.0,89332924.0,83588186.0
1,1,1,2019-06-30,Q2 2019,QuarterName,266858907,259440046.0,262287214.0,262563543.0
1,1,1,2019-07-01,01/07/2019,DayName,11958279,11953343.0,0.0,0.0
1,1,1,2019-07-02,02/07/2019,DayName,12060545,11693301.0,0.0,0.0
1,1,1,2019-07-03,03/07/2019,DayName,13299658,12002983.0,0.0,0.0
1,1,1,2019-07-04,04/07/2019,DayName,12506671,12593965.0,0.0,0.0
1,1,1,2019-07-05,05/07/2019,DayName,12347974,12480644.0,0.0,0.0
1,1,1,2019-07-06,06/07/2019,DayName,13115688,12530468.0,0.0,0.0
1,1,1,2019-07-07,07/07/2019,DayName,13532977,12404590.0,0.0,0.0
1,1,1,2019-07-31,2019 July,MonthName,88821792,85659294.0,0.0,0.0
1,1,1,2019-08-01,01/08/2019,DayName,11712668,11870846.0,0.0,0.0
1,1,1,2019-08-02,02/08/2019,DayName,12776616,12187954.0,0.0,0.0
1,1,1,2019-08-03,03/08/2019,DayName,12386793,13623202.0,0.0,0.0
1,1,1,2019-08-04,04/08/2019,DayName,12062574,11957255.0,0.0,0.0
1,1,1,2019-08-05,05/08/2019,DayName,12814207,11466494.0,0.0,0.0
1,1,1,2019-08-06,06/08/2019,DayName,11471679,13077270.0,0.0,0.0
1,1,1,2019-08-07,07/08/2019,DayName,12057062,12046403.0,0.0,0.0
1,1,1,2019-08-31,2019 August,MonthName,85281599,86229424.0,88821792.0,85659294.0
1,1,1,2019-09-01,01/09/2019,DayName,12537069,12891210.0,0.0,0.0
1,1,1,2019-09-02,02/09/2019,DayName,12153783,12343953.0,0.0,0.0
1,1,1,2019-09-03,03/09/2019,DayName,12415627,12683856.0,0.0,0.0
1,1,1,2019-09-04,04/09/2019,DayName,11213707,12353421.0,0.0,0.0
1,1,1,2019-09-05,05/09/2019,DayName,11585403,12064157.0,0.0,0.0
1,1,1,2019-09-06,06/09/2019,DayName,12777752,11863676.0,0.0,0.0
1,1,1,2019-09-07,07/09/2019,DayName,11624361,12130219.0,0.0,0.0
1,1,1,2019-09-30,2019 September,MonthName,84307702,86330492.0,85281599.0,86229424.0
1,1,1,2019-09-30,Q3 2019,QuarterName,258411093,258219210.0,266858907.0,259440046.0
1,1,1,2019-10-01,01/10/2019,DayName,11656385,11196660.0,0.0,0.0
1,1,1,2019-10-02,02/10/2019,DayName,12380962,12924184.0,0.0,0.0
1,1,1,2019-10-03,03/10/2019,DayName,12390316,12755808.0,0.0,0.0
1,1,1,2019-10-04,04/10/2019,DayName,11937002,12610896.0,0.0,0.0
1,1,1,2019-10-05,05/10/2019,DayName,12770033,11496797.0,0.0,0.0
1,1,1,2019-10-06,06/10/2019,DayName,13485954,11544796.0,0.0,0.0
1,1,1,2019-10-07,07/10/2019,DayName,12292300,11482727.0,0.0,0.0
1,1,1,2019-10-31,2019 October,MonthName,86912952,84011868.0,0.0,0.0
1,1,1,2019-11-01,01/11/2019,DayName,13088540,12254444.0,0.0,0.0
1,1,1,2019-11-02,02/11/2019,DayName,12127215,12792472.0,0.0,0.0
1,1,1,2019-11-03,03/11/2019,DayName,12081671,11714293.0,0.0,0.0
1,1,1,2019-11-04,04/11/2019,DayName,12491430,12557600.0,0.0,0.0
1,1,1,2019-11-05,05/11/2019,DayName,12436604,13123622.0,0.0,0.0
1,1,1,2019-11-06,06/11/2019,DayName,12340699,12180223.0,0.0,0.0
1,1,1,2019-11-07,07/11/2019,DayName,12770363,12995244.0,0.0,0.0
1,1,1,2019-11-30,2019 November,MonthName,87336522,87617898.0,86912952.0,84011868.0
1,1,1,2019-12-01,01/12/2019,DayName,12504179,12898197.0,0.0,0.0
1,1,1,2019-12-02,02/12/2019,DayName,12094717,12987840.0,0.0,0.0
1,1,1,2019-12-03,03/12/2019,DayName,11747578,11732706.0,0.0,0.0
1,1,1,2019-12-04,04/12/2019,DayName,11824701,12543105.0,0.0,0.0
1,1,1,2019-12-05,05/12/2019,DayName,11860280,12096128.0,0.0,0.0
1,1,1,2019-12-06,06/12/2019,DayName,12117799,14036574.0,0.0,0.0
1,1,1,2019-12-07,07/12/2019,DayName,11968160,12033201.0,0.0,0.0
1,1,1,2019-12-31,2019,YearName,1045924102,1040180316.0,0.0,0.0
1,1,1,2019-12-31,2019 December,MonthName,84117414,88327751.0,0.0,0.0
1,1,1,2019-12-31,Q4 2019,QuarterName,258366888,259957517.0,0.0,0.0
2,1,1,2019-01-01,01/01/2019,DayName,13393490,12002041.0,0.0,0.0
2,1,1,2019-01-02,02/01/2019,DayName,12958105,11580325.0,0.0,0.0
2,1,1,2019-01-03,03/01/2019,DayName,12677986,11929634.0,0.0,0.0
2,1,1,2019-01-04,04/01/2019,DayName,12366085,12310190.0,0.0,0.0
2,1,1,2019-01-05,05/01/2019,DayName,12816895,11452233.0,0.0,0.0
2,1,1,2019-01-06,06/01/2019,DayName,12923382,11938492.0,0.0,0.0
2,1,1,2019-01-07,07/01/2019,DayName,12044662,12319723.0,0.0,0.0
2,1,1,2019-01-31,2019 January,MonthName,89180605,83532638.0,0.0,0.0
2,1,1,2019-02-01,01/02/2019,DayName,11743241,12208687.0,0.0,0.0
2,1,1,2019-02-02,02/02/2019,DayName,13215953,12867876.0,0.0,0.0
2,1,1,2019-02-03,03/02/2019,DayName,11915760,12463115.0,0.0,0.0
2,1,1,2019-02-04,04/02/2019,DayName,11751971,13440015.0,0.0,0.0
2,1,1,2019-02-05,05/02/2019,DayName,11601234,11699037.0,0.0,0.0
2,1,1,2019-02-06,06/02/2019,DayName,12534891,12502604.0,0.0,0.0
2,1,1,2019-02-07,07/02/2019,DayName,12131932,12748797.0,0.0,0.0
2,1,1,2019-02-28,2019 February,MonthName,84894982,87930131.0,89180605.0,83532638.0
2,1,1,2019-03-01,01/03/2019,DayName,12960394,12951654.0,0.0,0.0
2,1,1,2019-03-02,02/03/2019,DayName,12653570,12010639.0,0.0,0.0
2,1,1,2019-03-03,03/03/2019,DayName,11946272,12435943.0,0.0,0.0
2,1,1,2019-03-04,04/03/2019,DayName,12580565,12945715.0,0.0,0.0
2,1,1,2019-03-05,05/03/2019,DayName,13650037,12575276.0,0.0,0.0
2,1,1,2019-03-06,06/03/2019,DayName,11725770,12893060.0,0.0,0.0
2,1,1,2019-03-07,07/03/2019,DayName,13062683,12205765.0,0.0,0.0
2,1,1,2019-03-31,2019 March,MonthName,88579291,88018052.0,0.0,0.0
2,1,1,2019-03-31,Q1 2019,QuarterName,262654878,259480821.0,0.0,0.0
2,1,1,2019-04-01,01/04/2019,DayName,12266795,11852563.0,0.0,0.0
2,1,1,2019-04-02,02/04/2019,DayName,12471142,12159582.0,0.0,0.0
2,1,1,2019-04-03,03/04/2019,DayName,12579698,12729539.0,0.0,0.0
2,1,1,2019-04-04,04/04/2019,DayName,11570638,12354210.0,0.0,0.0
2,1,1,2019-04-05,05/04/2019,DayName,12097263,13311245.0,0.0,0.0
2,1,1,2019-04-06,06/04/2019,DayName,11721181,12048651.0,0.0,0.0
2,1,1,2019-04-07,07/04/2019,DayName,12042658,11717265.0,0.0,0.0
2,1,1,2019-04-30,2019 April,MonthName,84749375,86173055.0,88579291.0,88018052.0
2,1,1,2019-05-01,01/05/2019,DayName,12342689,12296820.0,0.0,0.0
2,1,1,2019-05-02,02/05/2019,DayName,12278709,13400161.0,0.0,0.0
2,1,1,2019-05-03,03/05/2019,DayName,12023717,11861224.0,0.0,0.0
2,1,1,2019-05-04,04/05/2019,DayName,12444697,12536085.0,0.0,0.0
2,1,1,2019-05-05,05/05/2019,DayName,12349403,12725735.0,0.0,0.0
2,1,1,2019-05-06,06/05/2019,DayName,11546697,12822264.0,0.0,0.0
2,1,1,2019-05-07,07/05/2019,DayName,11704321,13423600.0,0.0,0.0
2,1,1,2019-05-31,2019 May,MonthName,84690233,89065889.0,0.0,0.0
2,1,1,2019-06-01,01/06/2019,DayName,12894400,11413163.0,0.0,0.0
2,1,1,2019-06-02,02/06/2019,DayName,11939314,12621145.0,0.0,0.0
2,1,1,2019-06-03,03/06/2019,DayName,12912161,12900675.0,0.0,0.0
2,1,1,2019-06-04,04/06/2019,DayName,12586828,13853629.0,0.0,0.0
2,1,1,2019-06-05,05/06/2019,DayName,12296874,13005222.0,0.0,0.0
2,1,1,2019-06-06,06/06/2019,DayName,12027298,12171416.0,0.0,0.0
2,1,1,2019-06-07,07/06/2019,DayName,12933683,12564282.0,0.0,0.0
2,1,1,2019-06-30,2019 June,MonthName,87590558,88529532.0,84690233.0,89065889.0
2,1,1,2019-06-30,Q2 2019,QuarterName,257030166,263768476.0,262654878.0,259480821.0
2,1,1,2019-07-01,01/07/2019,DayName,12848444,12411465.0,0.0,0.0
2,1,1,2019-07-02,02/07/2019,DayName,12696465,12539686.0,0.0,0.0
2,1,1,2019-07-03,03/07/2019,DayName,12667210,11927567.0,0.0,0.0
2,1,1,2019-07-04,04/07/2019,DayName,12367362,11777790.0,0.0,0.0
2,1,1,2019-07-05,05/07/2019,DayName,12229033,11343335.0,0.0,0.0
2,1,1,2019-07-06,06/07/2019,DayName,12574082,12392542.0,0.0,0.0
2,1,1,2019-07-07,07/07/2019,DayName,12754247,11483678.0,0.0,0.0
2,1,1,2019-07-31,2019 July,MonthName,88136843,83876063.0,0.0,0.0
2,1,1,2019-08-01,01/08/2019,DayName,11414766,12048249.0,0.0,0.0
2,1,1,2019-08-02,02/08/2019,DayName,12891312,13481096.0,0.0,0.0
2,1,1,2019-08-03,03/08/2019,DayName,11371938,11190307.0,0.0,0.0
2,1,1,2019-08-04,04/08/2019,DayName,11457263,12120730.0,0.0,0.0
2,1,1,2019-08-05,05/08/2019,DayName,12605451,11938995.0,0.0,0.0
2,1,1,2019-08-06,06/08/2019,DayName,12993934,12623935.0,0.0,0.0
2,1,1,2019-08-07,07/08/2019,DayName,12855713,12959112.0,0.0,0.0
2,1,1,2019-08-31,2019 August,MonthName,85590377,86362424.0,88136843.0,83876063.0
2,1,1,2019-09-01,01/09/2019,DayName,11535590,13424522.0,0.0,0.0
2,1,1,2019-09-02,02/09/2019,DayName,12465627,13084457.0,0.0,0.0
2,1,1,2019-09-03,03/09/2019,DayName,11817470,13212562.0,0.0,0.0
2,1,1,2019-09-04,04/09/2019,DayName,12014320,13060525.0,0.0,0.0
2,1,1,2019-09-05,05/09/2019,DayName,11624503,11615896.0,0.0,0.0
2,1,1,2019-09-06,06/09/2019,DayName,11995012,13015179.0,0.0,0.0
2,1,1,2019-09-07,07/09/2019,DayName,12383259,12493376.0,0.0,0.0
2,1,1,2019-09-30,2019 September,MonthName,83835781,89906517.0,85590377.0,86362424.0
2,1,1,2019-09-30,Q3 2019,QuarterName,257563001,260145004.0,257030166.0,263768476.0
2,1,1,2019-10-01,01/10/2019,DayName,11312910,11911782.0,0.0,0.0
2,1,1,2019-10-02,02/10/2019,DayName,11915004,12104815.0,0.0,0.0
2,1,1,2019-10-03,03/10/2019,DayName,11418925,12917078.0,0.0,0.0
2,1,1,2019-10-04,04/10/2019,DayName,12761524,12399370.0,0.0,0.0
2,1,1,2019-10-05,05/10/2019,DayName,11990586,13023478.0,0.0,0.0
2,1,1,2019-10-06,06/10/2019,DayName,11954905,13103198.0,0.0,0.0
2,1,1,2019-10-07,07/10/2019,DayName,13090042,12503961.0,0.0,0.0
2,1,1,2019-10-31,2019 October,MonthName,84443896,87963682.0,0.0,0.0
2,1,1,2019-11-01,01/11/2019,DayName,11884661,11981223.0,0.0,0.0
2,1,1,2019-11-02,02/11/2019,DayName,11926702,11157454.0,0.0,0.0
2,1,1,2019-11-03,03/11/2019,DayName,12840303,11708301.0,0.0,0.0
2,1,1,2019-11-04,04/11/2019,DayName,10947652,13184523.0,0.0,0.0
2,1,1,2019-11-05,05/11/2019,DayName,12883507,12374256.0,0.0,0.0
2,1,1,2019-11-06,06/11/2019,DayName,12730711,12452086.0,0.0,0.0
2,1,1,2019-11-07,07/11/2019,DayName,13018211,12469178.0,0.0,0.0
2,1,1,2019-11-30,2019 November,MonthName,86231747,85327021.0,84443896.0,87963682.0
2,1,1,2019-12-01,01/12/2019,DayName,13195242,12759270.0,0.0,0.0
2,1,1,2019-12-02,02/12/2019,DayName,12788079,12034091.0,0.0,0.0
2,1,1,2019-12-03,03/12/2019,DayName,11450217,11730349.0,0.0,0.0
2,1,1,2019-12-04,04/12/2019,DayName,11908914,12749345.0,0.0,0.0
2,1,1,2019-12-05,05/12/2019,DayName,11799015,12629665.0,0.0,0.0
2,1,1,2019-12-06,06/12/2019,DayName,12254555,12060400.0,0.0,0.0
2,1,1,2019-12-07,07/12/2019,DayName,12092207,13241820.0,0.0,0.0
2,1,1,2019-12-31,2019,YearName,1033411917,1043889944.0,0.0,0.0
2,1,1,2019-12-31,2019 December,MonthName,85488229,87204940.0,0.0,0.0
2,1,1,2019-12-31,Q4 2019,QuarterName,256163872,260495643.0,0.0,0.0
3,1,1,2019-01-01,01/01/2019,DayName,12255495,13216596.0,0.0,0.0
3,1,1,2019-01-02,02/01/2019,DayName,12088844,13196655.0,0.0,0.0
3,1,1,2019-01-03,03/01/2019,DayName,13022227,13021360.0,0.0,0.0
3,1,1,2019-01-04,04/01/2019,DayName,12351468,12495973.0,0.0,0.0
3,1,1,2019-01-05,05/01/2019,DayName,12859435,13317041.0,0.0,0.0
3,1,1,2019-01-06,06/01/2019,DayName,13158619,12118974.0,0.0,0.0
3,1,1,2019-01-07,07/01/2019,DayName,12649202,12493077.0,0.0,0.0
3,1,1,2019-01-31,2019 January,MonthName,88385290,89859676.0,0.0,0.0
3,1,1,2019-02-01,01/02/2019,DayName,12086097,12930238.0,0.0,0.0
3,1,1,2019-02-02,02/02/2019,DayName,12573927,13148235.0,0.0,0.0
3,1,1,2019-02-03,03/02/2019,DayName,11977452,12808807.0,0.0,0.0
3,1,1,2019-02-04,04/02/2019,DayName,11632344,12657748.0,0.0,0.0
3,1,1,2019-02-05,05/02/2019,DayName,12594908,12640915.0,0.0,0.0
3,1,1,2019-02-06,06/02/2019,DayName,13068568,13348947.0,0.0,0.0
3,1,1,2019-02-07,07/02/2019,DayName,11653542,13256837.0,0.0,0.0
3,1,1,2019-02-28,2019 February,MonthName,85586838,90791727.0,88385290.0,89859676.0
3,1,1,2019-03-01,01/03/2019,DayName,12265678,12587433.0,0.0,0.0
3,1,1,2019-03-02,02/03/2019,DayName,12916716,12987429.0,0.0,0.0
3,1,1,2019-03-03,03/03/2019,DayName,13651590,12690960.0,0.0,0.0
3,1,1,2019-03-04,04/03/2019,DayName,12607964,12702681.0,0.0,0.0
3,1,1,2019-03-05,05/03/2019,DayName,11852813,12351475.0,0.0,0.0
3,1,1,2019-03-06,06/03/2019,DayName,11951622,12747384.0,0.0,0.0
3,1,1,2019-03-07,07/03/2019,DayName,13271267,11535411.0,0.0,0.0
3,1,1,2019-03-31,2019 March,MonthName,88517650,87602773.0,0.0,0.0
3,1,1,2019-03-31,Q1 2019,QuarterName,262489778,268254176.0,0.0,0.0
3,1,1,2019-04-01,01/04/2019,DayName,12037484,12398455.0,0.0,0.0
3,1,1,2019-04-02,02/04/2019,DayName,12069003,13172113.0,0.0,0.0
3,1,1,2019-04-03,03/04/2019,DayName,13120694,13435317.0,0.0,0.0
3,1,1,2019-04-04,04/04/2019,DayName,13605259,12611336.0,0.0,0.0
3,1,1,2019-04-05,05/04/2019,DayName,11505259,12967177.0,0.0,0.0
3,1,1,2019-04-06,06/04/2019,DayName,11916541,11782530.0,0.0,0.0
3,1,1,2019-04-07,07/04/2019,DayName,12768705,12405076.0,0.0,0.0
3,1,1,2019-04-30,2019 April,MonthName,87022945,88772004.0,88517650.0,87602773.0
3,1,1,2019-05-01,01/05/2019,DayName,12194829,12904023.0,0.0,0.0
3,1,1,2019-05-02,02/05/2019,DayName,12522688,12637139.0,0.0,0.0
3,1,1,2019-05-03,03/05/2019,DayName,11505964,12179336.0,0.0,0.0
3,1,1,2019-05-04,04/05/2019,DayName,12325477,13068768.0,0.0,0.0
3,1,1,2019-05-05,05/05/2019,DayName,12221805,11903934.0,0.0,0.0
3,1,1,2019-05-06,06/05/2019,DayName,12053496,12115080.0,0.0,0.0
3,1,1,2019-05-07,07/05/2019,DayName,11646664,13123599.0,0.0,0.0
3,1,1,2019-05-31,2019 May,MonthName,84470923,87931879.0,0.0,0.0
3,1,1,2019-06-01,01/06/2019,DayName,11889979,12644876.0,0.0,0.0
3,1,1,2019-06-02,02/06/2019,DayName,12223144,11932675.0,0.0,0.0
3,1,1,2019-06-03,03/06/2019,DayName,11911705,12329244.0,0.0,0.0
3,1,1,2019-06-04,04/06/2019,DayName,12318393,12341119.0,0.0,0.0
3,1,1,2019-06-05,05/06/2019,DayName,12996218,11610991.0,0.0,0.0
3,1,1,2019-06-06,06/06/2019,DayName,13131931,12639956.0,0.0,0.0
3,1,1,2019-06-07,07/06/2019,DayName,12642420,12209468.0,0.0,0.0
3,1,1,2019-06-30,2019 June,MonthName,87113790,85708329.0,84470923.0,87931879.0
3,1,1,2019-06-30,Q2 2019,QuarterName,258607658,262412212.0,262489778.0,268254176.0
3,1,1,2019-07-01,01/07/2019,DayName,11638095,11508306.0,0.0,0.0
3,1,1,2019-07-02,02/07/2019,DayName,12629025,12752889.0,0.0,0.0
3,1,1,2019-07-03,03/07/2019,DayName,11484032,12865897.0,0.0,0.0
3,1,1,2019-07-04,04/07/2019,DayName,11748108,12543479.0,0.0,0.0
3,1,1,2019-07-05,05/07/2019,DayName,12345979,12405385.0,0.0,0.0
3,1,1,2019-07-06,06/07/2019,DayName,12781906,12703999.0,0.0,0.0
3,1,1,2019-07-07,07/07/2019,DayName,13294380,12826681.0,0.0,0.0
3,1,1,2019-07-31,2019 July,MonthName,85921525,87606636.0,0.0,0.0
3,1,1,2019-08-01,01/08/2019,DayName,11893325,12360438.0,0.0,0.0
3,1,1,2019-08-02,02/08/2019,DayName,12145981,13420004.0,0.0,0.0
3,1,1,2019-08-03,03/08/2019,DayName,12234739,13176902.0,0.0,0.0
3,1,1,2019-08-04,04/08/2019,DayName,12810628,11738389.0,0.0,0.0
3,1,1,2019-08-05,05/08/2019,DayName,12502978,12305437.0,0.0,0.0
3,1,1,2019-08-06,06/08/2019,DayName,13052633,11951904.0,0.0,0.0
3,1,1,2019-08-07,07/08/2019,DayName,12786941,12889991.0,0.0,0.0
3,1,1,2019-08-31,2019 August,MonthName,87427225,87843065.0,85921525.0,87606636.0
3,1,1,2019-09-01,01/09/2019,DayName,12440859,12056764.0,0.0,0.0
3,1,1,2019-09-02,02/09/2019,DayName,12939220,12108872.0,0.0,0.0
3,1,1,2019-09-03,03/09/2019,DayName,12800925,12223462.0,0.0,0.0
3,1,1,2019-09-04,04/09/2019,DayName,12529185,13209926.0,0.0,0.0
3,1,1,2019-09-05,05/09/2019,DayName,12815580,11556640.0,0.0,0.0
3,1,1,2019-09-06,06/09/2019,DayName,12770701,11160874.0,0.0,0.0
3,1,1,2019-09-07,07/09/2019,DayName,11939549,12214555.0,0.0,0.0
3,1,1,2019-09-30,2019 September,MonthName,88236019,84531093.0,87427225.0,87843065.0
3,1,1,2019-09-30,Q3 2019,QuarterName,261584769,259980794.0,258607658.0,262412212.0
3,1,1,2019-10-01,01/10/2019,DayName,12183679,12832294.0,0.0,0.0
3,1,1,2019-10-02,02/10/2019,DayName,12669981,13218339.0,0.0,0.0
3,1,1,2019-10-03,03/10/2019,DayName,12552947,12649441.0,0.0,0.0
3,1,1,2019-10-04,04/10/2019,DayName,12317076,12454430.0,0.0,0.0
3,1,1,2019-10-05,05/10/2019,DayName,12522635,12072902.0,0.0,0.0
3,1,1,2019-10-06,06/10/2019,DayName,13131887,12252943.0,0.0,0.0
3,1,1,2019-10-07,07/10/2019,DayName,12363658,12733351.0,0.0,0.0
3,1,1,2019-10-31,2019 October,MonthName,87741863,88213700.0,0.0,0.0
3,1,1,2019-11-01,01/11/2019,DayName,12593163,12364635.0,0.0,0.0
3,1,1,2019-11-02,02/11/2019,DayName,11527090,12352783.0,0.0,0.0
3,1,1,2019-11-03,03/11/2019,DayName,11643380,13066775.0,0.0,0.0
3,1,1,2019-11-04,04/11/2019,DayName,12700835,12351986.0,0.0,0.0
3,1,1,2019-11-05,05/11/2019,DayName,12281542,12093517.0,0.0,0.0
3,1,1,2019-11-06,06/11/2019,DayName,12443768,12923727.0,0.0,0.0
3,1,1,2019-11-07,07/11/2019,DayName,12683077,13122858.0,0.0,0.0
3,1,1,2019-11-30,2019 November,MonthName,85872855,88276281.0,87741863.0,88213700.0
3,1,1,2019-12-01,01/12/2019,DayName,12784570,11842079.0,0.0,0.0
3,1,1,2019-12-02,02/12/2019,DayName,12931207,11044019.0,0.0,0.0
3,1,1,2019-12-03,03/12/2019,DayName,11956969,12662333.0,0.0,0.0
3,1,1,2019-12-04,04/12/2019,DayName,11874255,13332100.0,0.0,0.0
3,1,1,2019-12-05,05/12/2019,DayName,12928330,12479053.0,0.0,0.0
3,1,1,2019-12-06,06/12/2019,DayName,12418925,12290100.0,0.0,0.0
3,1,1,2019-12-07,07/12/2019,DayName,12207388,12619182.0,0.0,0.0
3,1,1,2019-12-31,2019,YearName,1043398567,1053406029.0,0.0,0.0
3,1,1,2019-12-31,2019 December,MonthName,87101644,86268866.0,0.0,0.0
3,1,1,2019-12-31,Q4 2019,QuarterName,260716362,262758847.0,0.0,0.0
4,1,1,2019-01-01,01/01/2019,DayName,12374519,11629990.0,0.0,0.0
4,1,1,2019-01-02,02/01/2019,DayName,12101258,13107998.0,0.0,0.0
4,1,1,2019-01-03,03/01/2019,DayName,12012417,12462735.0,0.0,0.0
4,1,1,2019-01-04,04/01/2019,DayName,13217883,11766516.0,0.0,0.0
4,1,1,2019-01-05,05/01/2019,DayName,12289864,12827478.0,0.0,0.0
4,1,1,2019-01-06,06/01/2019,DayName,12557779,12373705.0,0.0,0.0
4,1,1,2019-01-07,07/01/2019,DayName,11917138,12278482.0,0.0,0.0
4,1,1,2019-01-31,2019 January,MonthName,86470858,86446904.0,0.0,0.0
4,1,1,2019-02-01,01/02/2019,DayName,13295102,12268170.0,0.0,0.0
4,1,1,2019-02-02,02/02/2019,DayName,12952343,12470821.0,0.0,0.0
4,1,1,2019-02-03,03/02/2019,DayName,12288316,13365025.0,0.0,0.0
4,1,1,2019-02-04,04/02/2019,DayName,12808303,11416804.0,0.0,0.0
4,1,1,2019-02-05,05/02/2019,DayName,11793357,12156571.0,0.0,0.0
4,1,1,2019-02-06,06/02/2019,DayName,12238976,12476256.0,0.0,0.0
4,1,1,2019-02-07,07/02/2019,DayName,12628741,12723882.0,0.0,0.0
4,1,1,2019-02-28,2019 February,MonthName,88005138,86877529.0,86470858.0,86446904.0
4,1,1,2019-03-01,01/03/2019,DayName,12720087,11985214.0,0.0,0.0
4,1,1,2019-03-02,02/03/2019,DayName,12107621,12532834.0,0.0,0.0
4,1,1,2019-03-03,03/03/2019,DayName,12429608,11825305.0,0.0,0.0
4,1,1,2019-03-04,04/03/2019,DayName,13046928,11791182.0,0.0,0.0
4,1,1,2019-03-05,05/03/2019,DayName,11840847,12529327.0,0.0,0.0
4,1,1,2019-03-06,06/03/2019,DayName,11390295,12770179.0,0.0,0.0
4,1,1,2019-03-07,07/03/2019,DayName,12520193,13217037.0,0.0,0.0
4,1,1,2019-03-31,2019 March,MonthName,86055579,86651078.0,0.0,0.0
4,1,1,2019-03-31,Q1 2019,QuarterName,260531575,259975511.0,0.0,0.0
4,1,1,2019-04-01,01/04/2019,DayName,13621009,12715756.0,0.0,0.0
4,1,1,2019-04-02,02/04/2019,DayName,12913103,12320578.0,0.0,0.0
4,1,1,2019-04-03,03/04/2019,DayName,12024804,14160835.0,0.0,0.0
4,1,1,2019-04-04,04/04/2019,DayName,12368674,12746625.0,0.0,0.0
4,1,1,2019-04-05,05/04/2019,DayName,12609214,12335999.0,0.0,0.0
4,1,1,2019-04-06,06/04/2019,DayName,13336050,11441308.0,0.0,0.0
4,1,1,2019-04-07,07/04/2019,DayName,12784242,12235197.0,0.0,0.0
4,1,1,2019-04-30,2019 April,MonthName,89657096,87956298.0,86055579.0,86651078.0
4,1,1,2019-05-01,01/05/2019,DayName,12709853,12782630.0,0.0,0.0
4,1,1,2019-05-02,02/05/2019,DayName,12925622,12887389.0,0.0,0.0
4,1,1,2019-05-03,03/05/2019,DayName,12657808,12252890.0,0.0,0.0
4,1,1,2019-05-04,04/05/2019,DayName,12762186,11405608.0,0.0,0.0
4,1,1,2019-05-05,05/05/2019,DayName,12564011,13339203.0,0.0,0.0
4,1,1,2019-05-06,06/05/2019,DayName,12800692,12016145.0,0.0,0.0
4,1,1,2019-05-07,07/05/2019,DayName,12256464,11783033.0,0.0,0.0
4,1,1,2019-05-31,2019 May,MonthName,88676636,86466898.0,0.0,0.0
4,1,1,2019-06-01,01/06/2019,DayName,12995108,12913750.0,0.0,0.0
4,1,1,2019-06-02,02/06/2019,DayName,12842753,13319759.0,0.0,0.0
4,1,1,2019-06-03,03/06/2019,DayName,12211701,12541135.0,0.0,0.0
4,1,1,2019-06-04,04/06/2019,DayName,13299460,12009269.0,0.0,0.0
4,1,1,2019-06-05,05/06/2019,DayName,12970128,13068423.0,0.0,0.0
4,1,1,2019-06-06,06/06/2019,DayName,12825177,12646450.0,0.0,0.0
4,1,1,2019-06-07,07/06/2019,DayName,11637647,12618001.0,0.0,0.0
4,1,1,2019-06-30,2019 June,MonthName,88781974,89116787.0,88676636.0,86466898.0
4,1,1,2019-06-30,Q2 2019,QuarterName,267115706,263539983.0,260531575.0,259975511.0
4,1,1,2019-07-01,01/07/2019,DayName,12062981,12715005.0,0.0,0.0
4,1,1,2019-07-02,02/07/2019,DayName,11412186,12784372.0,0.0,0.0
4,1,1,2019-07-03,03/07/2019,DayName,12412150,11241129.0,0.0,0.0
4,1,1,2019-07-04,04/07/2019,DayName,11771625,13148796.0,0.0,0.0
4,1,1,2019-07-05,05/07/2019,DayName,11763045,13315518.0,0.0,0.0
4,1,1,2019-07-06,06/07/2019,DayName,11672778,12106813.0,0.0,0.0
4,1,1,2019-07-07,07/07/2019,DayName,12084945,12742963.0,0.0,0.0
4,1,1,2019-07-31,2019 July,MonthName,83179710,88054596.0,0.0,0.0
4,1,1,2019-08-01,01/08/2019,DayName,12452373,12666254.0,0.0,0.0
4,1,1,2019-08-02,02/08/2019,DayName,12862048,13247035.0,0.0,0.0
4,1,1,2019-08-03,03/08/2019,DayName,12937230,13193593.0,0.0,0.0
4,1,1,2019-08-04,04/08/2019,DayName,11733732,12328592.0,0.0,0.0
4,1,1,2019-08-05,05/08/2019,DayName,11142893,12245536.0,0.0,0.0
4,1,1,2019-08-06,06/08/2019,DayName,12140178,13167505.0,0.0,0.0
4,1,1,2019-08-07,07/08/2019,DayName,12207765,12491470.0,0.0,0.0
4,1,1,2019-08-31,2019 August,MonthName,85476219,89339985.0,83179710.0,88054596.0
4,1,1,2019-09-01,01/09/2019,DayName,12584129,12448260.0,0.0,0.0
4,1,1,2019-09-02,02/09/2019,DayName,12560488,11234352.0,0.0,0.0
4,1,1,2019-09-03,03/09/2019,DayName,11155163,13194943.0,0.0,0.0
4,1,1,2019-09-04,04/09/2019,DayName,12004242,12844104.0,0.0,0.0
4,1,1,2019-09-05,05/09/2019,DayName,12294145,12494732.0,0.0,0.0
4,1,1,2019-09-06,06/09/2019,DayName,11786025,11901220.0,0.0,0.0
4,1,1,2019-09-07,07/09/2019,DayName,13083493,12774087.0,0.0,0.0
4,1,1,2019-09-30,2019 September,MonthName,85467685,86891698.0,85476219.0,89339985.0
4,1,1,2019-09-30,Q3 2019,QuarterName,254123614,264286279.0,267115706.0,263539983.0
4,1,1,2019-10-01,01/10/2019,DayName,11658922,12195674.0,0.0,0.0
4,1,1,2019-10-02,02/10/2019,DayName,11154183,13381098.0,0.0,0.0
4,1,1,2019-10-03,03/10/2019,DayName,11802729,13411628.0,0.0,0.0
4,1,1,2019-10-04,04/10/2019,DayName,12249601,12704788.0,0.0,0.0
4,1,1,2019-10-05,05/10/2019,DayName,12383172,12848416.0,0.0,0.0
4,1,1,2019-10-06,06/10/2019,DayName,12411582,12396581.0,0.0,0.0
4,1,1,2019-10-07,07/10/2019,DayName,12514688,12437338.0,0.0,0.0
4,1,1,2019-10-31,2019 October,MonthName,84174877,89375523.0,0.0,0.0
4,1,1,2019-11-01,01/11/2019,DayName,11801796,11879969.0,0.0,0.0
4,1,1,2019-11-02,02/11/2019,DayName,12145845,12827441.0,0.0,0.0
4,1,1,2019-11-03,03/11/2019,DayName,11732586,12637653.0,0.0,0.0
4,1,1,2019-11-04,04/11/2019,DayName,12827378,12519151.0,0.0,0.0
4,1,1,2019-11-05,05/11/2019,DayName,11854395,12348507.0,0.0,0.0
4,1,1,2019-11-06,06/11/2019,DayName,11869518,12949407.0,0.0,0.0
4,1,1,2019-11-07,07/11/2019,DayName,11706154,13193962.0,0.0,0.0
4,1,1,2019-11-30,2019 November,MonthName,83937672,88356090.0,84174877.0,89375523.0
4,1,1,2019-12-01,01/12/2019,DayName,12604591,11285895.0,0.0,0.0
4,1,1,2019-12-02,02/12/2019,DayName,12700821,12220957.0,0.0,0.0
4,1,1,2019-12-03,03/12/2019,DayName,12499444,12451777.0,0.0,0.0
4,1,1,2019-12-04,04/12/2019,DayName,12184402,13109270.0,0.0,0.0
4,1,1,2019-12-05,05/12/2019,DayName,12108180,12968698.0,0.0,0.0
4,1,1,2019-12-06,06/12/2019,DayName,12905682,12069037.0,0.0,0.0
4,1,1,2019-12-07,07/12/2019,DayName,12088410,12870650.0,0.0,0.0
4,1,1,2019-12-31,2019,YearName,1036974974,1052509670.0,0.0,0.0
4,1,1,2019-12-31,2019 December,MonthName,87091530,86976284.0,0.0,0.0
4,1,1,2019-12-31,Q4 2019,QuarterName,255204079,264707897.0,0.0,0.0
5,1,1,2019-01-01,01/01/2019,DayName,12342700,12103715.0,0.0,0.0
5,1,1,2019-01-02,02/01/2019,DayName,13201101,11737128.0,0.0,0.0
5,1,1,2019-01-03,03/01/2019,DayName,11851472,12531262.0,0.0,0.0
5,1,1,2019-01-04,04/01/2019,DayName,12472501,11744551.0,0.0,0.0
5,1,1,2019-01-05,05/01/2019,DayName,11499889,12333024.0,0.0,0.0
5,1,1,2019-01-06,06/01/2019,DayName,12662735,12411498.0,0.0,0.0
5,1,1,2019-01-07,07/01/2019,DayName,11133744,12104454.0,0.0,0.0
5,1,1,2019-01-31,2019 January,MonthName,85164142,84965632.0,0.0,0.0
5,1,1,2019-02-01,01/02/2019,DayName,12553480,12261270.0,0.0,0.0
5,1,1,2019-02-02,02/02/2019,DayName,12111178,12221127.0,0.0,0.0
5,1,1,2019-02-03,03/02/2019,DayName,12587791,12637399.0,0.0,0.0
5,1,1,2019-02-04,04/02/2019,DayName,12203058,10949246.0,0.0,0.0
5,1,1,2019-02-05,05/02/2019,DayName,12418178,12454814.0,0.0,0.0
5,1,1,2019-02-06,06/02/2019,DayName,13607435,12078906.0,0.0,0.0
5,1,1,2019-02-07,07/02/2019,DayName,12192270,13112700.0,0.0,0.0
5,1,1,2019-02-28,2019 February,MonthName,87673390,85715462.0,85164142.0,84965632.0
5,1,1,2019-03-01,01/03/2019,DayName,12359262,13664088.0,0.0,0.0
5,1,1,2019-03-02,02/03/2019,DayName,12895123,11944164.0,0.0,0.0
5,1,1,2019-03-03,03/03/2019,DayName,11852781,13098640.0,0.0,0.0
5,1,1,2019-03-04,04/03/2019,DayName,11349978,12241188.0,0.0,0.0
5,1,1,2019-03-05,05/03/2019,DayName,12468935,12077697.0,0.0,0.0
5,1,1,2019-03-06,06/03/2019,DayName,11920438,12075467.0,0.0,0.0
5,1,1,2019-03-07,07/03/2019,DayName,12404763,12172525.0,0.0,0.0
5,1,1,2019-03-31,2019 March,MonthName,85251280,87273769.0,0.0,0.0
5,1,1,2019-03-31,Q1 2019,QuarterName,258088812,257954863.0,0.0,0.0
5,1,1,2019-04-01,01/04/2019,DayName,13108678,12982416.0,0.0,0.0
5,1,1,2019-04-02,02/04/2019,DayName,12334704,12371177.0,0.0,0.0
5,1,1,2019-04-03,03/04/2019,DayName,12667720,11553743.0,0.0,0.0
5,1,1,2019-04-04,04/04/2019,DayName,12101972,12764737.0,0.0,0.0
5,1,1,2019-04-05,05/04/2019,DayName,11507675,12592846.0,0.0,0.0
5,1,1,2019-04-06,06/04/2019,DayName,11222322,13186737.0,0.0,0.0
5,1,1,2019-04-07,07/04/2019,DayName,12559286,12813357.0,0.0,0.0
5,1,1,2019-04-30,2019 April,MonthName,85502357,88265013.0,85251280.0,87273769.0
5,1,1,2019-05-01,01/05/2019,DayName,13160612,12960533.0,0.0,0.0
5,1,1,2019-05-02,02/05/2019,DayName,12010327,12720121.0,0.0,0.0
5,1,1,2019-05-03,03/05/2019,DayName,11905750,12554721.0,0.0,0.0
5,1,1,2019-05-04,04/05/2019,DayName,12435800,12367321.0,0.0,0.0
5,1,1,2019-05-05,05/05/2019,DayName,12586764,12627979.0,0.0,0.0
5,1,1,2019-05-06,06/05/2019,DayName,13156149,12393931.0,0.0,0.0
5,1,1,2019-05-07,07/05/2019,DayName,12451693,13021539.0,0.0,0.0
5,1,1,2019-05-31,2019 May,MonthName,87707095,88646145.0,0.0,0.0
5,1,1,2019-06-01,01/06/2019,DayName,12637066,12259122.0,0.0,0.0
5,1,1,2019-06-02,02/06/2019,DayName,12661689,12869171.0,0.0,0.0
5,1,1,2019-06-03,03/06/2019,DayName,13774804,12407157.0,0.0,0.0
5,1,1,2019-06-04,04/06/2019,DayName,12285388,12236767.0,0.0,0.0
5,1,1,2019-06-05,05/06/2019,DayName,12646023,13199935.0,0.0,0.0
5,1,1,2019-06-06,06/06/2019,DayName,11682789,12549111.0,0.0,0.0
5,1,1,2019-06-07,07/06/2019,DayName,12067311,12656334.0,0.0,0.0
5,1,1,2019-06-30,2019 June,MonthName,87755070,88177597.0,87707095.0,88646145.0
5,1,1,2019-06-30,Q2 2019,QuarterName,260964522,265088755.0,258088812.0,257954863.0
5,1,1,2019-07-01,01/07/2019,DayName,13390723,12745786.0,0.0,0.0
5,1,1,2019-07-02,02/07/2019,DayName,12627623,11983644.0,0.0,0.0
5,1,1,2019-07-03,03/07/2019,DayName,11214415,12255564.0,0.0,0.0
5,1,1,2019-07-04,04/07/2019,DayName,11763237,12027220.0,0.0,0.0
5,1,1,2019-07-05,05/07/2019,DayName,12807536,12533195.0,0.0,0.0
5,1,1,2019-07-06,06/07/2019,DayName,12648807,12251635.0,0.0,0.0
5,1,1,2019-07-07,07/07/2019,DayName,12717520,12929744.0,0.0,0.0
5,1,1,2019-07-31,2019 July,MonthName,87169861,86726788.0,0.0,0.0
5,1,1,2019-08-01,01/08/2019,DayName,11649735,12225421.0,0.0,0.0
5,1,1,2019-08-02,02/08/2019,DayName,11745851,12467280.0,0.0,0.0
5,1,1,2019-08-03,03/08/2019,DayName,11769103,11490496.0,0.0,0.0
5,1,1,2019-08-04,04/08/2019,DayName,11598451,12503857.0,0.0,0.0
5,1,1,2019-08-05,05/08/2019,DayName,11426450,11587927.0,0.0,0.0
5,1,1,2019-08-06,06/08/2019,DayName,13382501,12595984.0,0.0,0.0
5,1,1,2019-08-07,07/08/2019,DayName,12357134,11083321.0,0.0,0.0
5,1,1,2019-08-31,2019 August,MonthName,83929225,83954286.0,87169861.0,86726788.0
5,1,1,2019-09-01,01/09/2019,DayName,12595352,12472224.0,0.0,0.0
5,1,1,2019-09-02,02/09/2019,DayName,13116866,12991417.0,0.0,0.0
5,1,1,2019-09-03,03/09/2019,DayName,12082771,12328852.0,0.0,0.0
5,1,1,2019-09-04,04/09/2019,DayName,12414511,12902130.0,0.0,0.0
5,1,1,2019-09-05,05/09/2019,DayName,12090940,12925101.0,0.0,0.0
5,1,1,2019-09-06,06/09/2019,DayName,12822148,12923105.0,0.0,0.0
5,1,1,2019-09-07,07/09/2019,DayName,11469859,12269318.0,0.0,0.0
5,1,1,2019-09-30,2019 September,MonthName,86592447,88812147.0,83929225.0,83954286.0
5,1,1,2019-09-30,Q3 2019,QuarterName,257691533,259493221.0,260964522.0,265088755.0
5,1,1,2019-10-01,01/10/2019,DayName,12809787,13128605.0,0.0,0.0
5,1,1,2019-10-02,02/10/2019,DayName,11905922,13090212.0,0.0,0.0
5,1,1,2019-10-03,03/10/2019,DayName,12222913,12544660.0,0.0,0.0
5,1,1,2019-10-04,04/10/2019,DayName,11491982,12374603.0,0.0,0.0
5,1,1,2019-10-05,05/10/2019,DayName,13248028,11999976.0,0.0,0.0
5,1,1,2019-10-06,06/10/2019,DayName,11945944,11783804.0,0.0,0.0
5,1,1,2019-10-07,07/10/2019,DayName,12346974,12347467.0,0.0,0.0
5,1,1,2019-10-31,2019 October,MonthName,85971550,87269327.0,0.0,0.0
5,1,1,2019-11-01,01/11/2019,DayName,12872333,12595083.0,0.0,0.0
5,1,1,2019-11-02,02/11/2019,DayName,12381775,13018324.0,0.0,0.0
5,1,1,2019-11-03,03/11/2019,DayName,11963688,11870138.0,0.0,0.0
5,1,1,2019-11-04,04/11/2019,DayName,12756378,12161818.0,0.0,0.0
5,1,1,2019-11-05,05/11/2019,DayName,12039436,12117263.0,0.0,0.0
5,1,1,2019-11-06,06/11/2019,DayName,12991112,12458119.0,0.0,0.0
5,1,1,2019-11-07,07/11/2019,DayName,12092747,12379002.0,0.0,0.0
5,1,1,2019-11-30,2019 November,MonthName,87097469,86599747.0,85971550.0,87269327.0
5,1,1,2019-12-01,01/12/2019,DayName,11771389,11521636.0,0.0,0.0
5,1,1,2019-12-02,02/12/2019,DayName,12624102,11824760.0,0.0,0.0
5,1,1,2019-12-03,03/12/2019,DayName,12506314,12513528.0,0.0,0.0
5,1,1,2019-12-04,04/12/2019,DayName,12391047,12135680.0,0.0,0.0
5,1,1,2019-12-05,05/12/2019,DayName,11783775,12822438.0,0.0,0.0
5,1,1,2019-12-06,06/12/2019,DayName,13044907,11822040.0,0.0,0.0
5,1,1,2019-12-07,07/12/2019,DayName,12583622,12249968.0,0.0,0.0
5,1,1,2019-12-31,2019,YearName,1036519042,1041295963.0,0.0,0.0
5,1,1,2019-12-31,2019 December,MonthName,86705156,84890050.0,0.0,0.0
5,1,1,2019-12-31,Q4 2019,QuarterName,259774175,258759124.0,0.0,0.0
6,1,1,2019-01-01,01/01/2019,DayName,12664821,10935108.0,0.0,0.0
6,1,1,2019-01-02,02/01/2019,DayName,11886560,12387091.0,0.0,0.0
6,1,1,2019-01-03,03/01/2019,DayName,12496502,13180481.0,0.0,0.0
6,1,1,2019-01-04,04/01/2019,DayName,12837277,12147680.0,0.0,0.0
6,1,1,2019-01-05,05/01/2019,DayName,13252105,11154587.0,0.0,0.0
6,1,1,2019-01-06,06/01/2019,DayName,11507551,12001930.0,0.0,0.0
6,1,1,2019-01-07,07/01/2019,DayName,12714673,13249758.0,0.0,0.0
6,1,1,2019-01-31,2019 January,MonthName,87359489,85056635.0,0.0,0.0
6,1,1,2019-02-01,01/02/2019,DayName,12304710,12549955.0,0.0,0.0
6,1,1,2019-02-02,02/02/2019,DayName,12730601,12906001.0,0.0,0.0
6,1,1,2019-02-03,03/02/2019,DayName,12369996,12499181.0,0.0,0.0
6,1,1,2019-02-04,04/02/2019,DayName,12599140,12741900.0,0.0,0.0
6,1,1,2019-02-05,05/02/2019,DayName,12807259,11792093.0,0.0,0.0
6,1,1,2019-02-06,06/02/2019,DayName,12734265,12267808.0,0.0,0.0
6,1,1,2019-02-07,07/02/2019,DayName,12202876,12991093.0,0.0,0.0
6,1,1,2019-02-28,2019 February,MonthName,87748847,87748031.0,87359489.0,85056635.0
6,1,1,2019-03-01,01/03/2019,DayName,13191805,12803946.0,0.0,0.0
6,1,1,2019-03-02,02/03/2019,DayName,12038574,13307526.0,0.0,0.0
6,1,1,2019-03-03,03/03/2019,DayName,12533038,11649761.0,0.0,0.0
6,1,1,2019-03-04,04/03/2019,DayName,12608035,12804347.0,0.0,0.0
6,1,1,2019-03-05,05/03/2019,DayName,11505199,12162498.0,0.0,0.0
6,1,1,2019-03-06,06/03/2019,DayName,12683902,12639711.0,0.0,0.0
6,1,1,2019-03-07,07/03/2019,DayName,12644458,12358977.0,0.0,0.0
6,1,1,2019-03-31,2019 March,MonthName,87205011,87726766.0,0.0,0.0
6,1,1,2019-03-31,Q1 2019,QuarterName,262313347,260531432.0,0.0,0.0
6,1,1,2019-04-01,01/04/2019,DayName,12190934,13095120.0,0.0,0.0
6,1,1,2019-04-02,02/04/2019,DayName,12988148,11637411.0,0.0,0.0
6,1,1,2019-04-03,03/04/2019,DayName,13302223,12364452.0,0.0,0.0
6,1,1,2019-04-04,04/04/2019,DayName,12875618,13447699.0,0.0,0.0
6,1,1,2019-04-05,05/04/2019,DayName,12812470,12039529.0,0.0,0.0
6,1,1,2019-04-06,06/04/2019,DayName,11736823,12646623.0,0.0,0.0
6,1,1,2019-04-07,07/04/2019,DayName,13153172,11879712.0,0.0,0.0
6,1,1,2019-04-30,2019 April,MonthName,89059388,87110546.0,87205011.0,87726766.0
6,1,1,2019-05-01,01/05/2019,DayName,11577524,12505310.0,0.0,0.0
6,1,1,2019-05-02,02/05/2019,DayName,12990100,11618649.0,0.0,0.0
6,1,1,2019-05-03,03/05/2019,DayName,12959053,12600063.0,0.0,0.0
6,1,1,2019-05-04,04/05/2019,DayName,12704317,13280300.0,0.0,0.0
6,1,1,2019-05-05,05/05/2019,DayName,12690309,12847026.0,0.0,0.0
6,1,1,2019-05-06,06/05/2019,DayName,13095229,12932275.0,0.0,0.0
6,1,1,2019-05-07,07/05/2019,DayName,12005319,13422626.0,0.0,0.0
6,1,1,2019-05-31,2019 May,MonthName,88021851,89206249.0,0.0,0.0
6,1,1,2019-06-01,01/06/2019,DayName,12228792,12020694.0,0.0,0.0
6,1,1,2019-06-02,02/06/2019,DayName,11848242,12678395.0,0.0,0.0
6,1,1,2019-06-03,03/06/2019,DayName,11851235,13270548.0,0.0,0.0
6,1,1,2019-06-04,04/06/2019,DayName,11843066,11064909.0,0.0,0.0
6,1,1,2019-06-05,05/06/2019,DayName,12699719,13030520.0,0.0,0.0
6,1,1,2019-06-06,06/06/2019,DayName,12403798,12482683.0,0.0,0.0
6,1,1,2019-06-07,07/06/2019,DayName,13198575,13193879.0,0.0,0.0
6,1,1,2019-06-30,2019 June,MonthName,86073427,87741628.0,88021851.0,89206249.0
6,1,1,2019-06-30,Q2 2019,QuarterName,263154666,264058423.0,262313347.0,260531432.0
6,1,1,2019-07-01,01/07/2019,DayName,12300450,11636194.0,0.0,0.0
6,1,1,2019-07-02,02/07/2019,DayName,12584320,13114567.0,0.0,0.0
6,1,1,2019-07-03,03/07/2019,DayName,12029699,12189461.0,0.0,0.0
6,1,1,2019-07-04,04/07/2019,DayName,12064503,12226478.0,0.0,0.0
6,1,1,2019-07-05,05/07/2019,DayName,12711646,12069794.0,0.0,0.0
6,1,1,2019-07-06,06/07/2019,DayName,13016563,13358163.0,0.0,0.0
6,1,1,2019-07-07,07/07/2019,DayName,12578937,12480449.0,0.0,0.0
6,1,1,2019-07-31,2019 July,MonthName,87286118,87075106.0,0.0,0.0
6,1,1,2019-08-01,01/08/2019,DayName,12140614,12078411.0,0.0,0.0
6,1,1,2019-08-02,02/08/2019,DayName,12858062,12384633.0,0.0,0.0
6,1,1,2019-08-03,03/08/2019,DayName,12329805,12445474.0,0.0,0.0
6,1,1,2019-08-04,04/08/2019,DayName,12572078,12659681.0,0.0,0.0
6,1,1,2019-08-05,05/08/2019,DayName,12299320,13012787.0,0.0,0.0
6,1,1,2019-08-06,06/08/2019,DayName,12280447,12869788.0,0.0,0.0
6,1,1,2019-08-07,07/08/2019,DayName,12299311,11784748.0,0.0,0.0
6,1,1,2019-08-31,2019 August,MonthName,86779637,87235522.0,87286118.0,87075106.0
6,1,1,2019-09-01,01/09/2019,DayName,12775081,12223971.0,0.0,0.0
6,1,1,2019-09-02,02/09/2019,DayName,11734968,12941377.0,0.0,0.0
6,1,1,2019-09-03,03/09/2019,DayName,12091989,11171648.0,0.0,0.0
6,1,1,2019-09-04,04/09/2019,DayName,12938354,13083192.0,0.0,0.0
6,1,1,2019-09-05,05/09/2019,DayName,13444924,12824420.0,0.0,0.0
6,1,1,2019-09-06,06/09/2019,DayName,11435032,12430639.0,0.0,0.0
6,1,1,2019-09-07,07/09/2019,DayName,11617196,13557452.0,0.0,0.0
6,1,1,2019-09-30,2019 September,MonthName,86037544,88232699.0,86779637.0,87235522.0
6,1,1,2019-09-30,Q3 2019,QuarterName,260103299,262543327.0,263154666.0,264058423.0
6,1,1,2019-10-01,01/10/2019,DayName,12346935,13028152.0,0.0,0.0
6,1,1,2019-10-02,02/10/2019,DayName,11340172,12230145.0,0.0,0.0
6,1,1,2019-10-03,03/10/2019,DayName,11910050,13344079.0,0.0,0.0
6,1,1,2019-10-04,04/10/2019,DayName,12511060,12940050.0,0.0,0.0
6,1,1,2019-10-05,05/10/2019,DayName,13163279,11894014.0,0.0,0.0
6,1,1,2019-10-06,06/10/2019,DayName,12967528,12938544.0,0.0,0.0
6,1,1,2019-10-07,07/10/2019,DayName,12873079,12419752.0,0.0,0.0
6,1,1,2019-10-31,2019 October,MonthName,87112103,88794736.0,0.0,0.0
6,1,1,2019-11-01,01/11/2019,DayName,11885167,11146827.0,0.0,0.0
6,1,1,2019-11-02,02/11/2019,DayName,12754343,11668167.0,0.0,0.0
6,1,1,2019-11-03,03/11/2019,DayName,13959777,11652134.0,0.0,0.0
6,1,1,2019-11-04,04/11/2019,DayName,12827183,12533391.0,0.0,0.0
6,1,1,2019-11-05,05/11/2019,DayName,12449684,12512349.0,0.0,0.0
6,1,1,2019-11-06,06/11/2019,DayName,11843779,12894911.0,0.0,0.0
6,1,1,2019-11-07,07/11/2019,DayName,12346007,12674060.0,0.0,0.0
6,1,1,2019-11-30,2019 November,MonthName,88065940,85081839.0,87112103.0,88794736.0
6,1,1,2019-12-01,01/12/2019,DayName,13497686,12393140.0,0.0,0.0
6,1,1,2019-12-02,02/12/2019,DayName,12899374,12681007.0,0.0,0.0
6,1,1,2019-12-03,03/12/2019,DayName,12366951,13141089.0,0.0,0.0
6,1,1,2019-12-04,04/12/2019,DayName,12601509,12964679.0,0.0,0.0
6,1,1,2019-12-05,05/12/2019,DayName,12682887,12819674.0,0.0,0.0
6,1,1,2019-12-06,06/12/2019,DayName,13282915,11813698.0,0.0,0.0
6,1,1,2019-12-07,07/12/2019,DayName,11448192,13066600.0,0.0,0.0
6,1,1,2019-12-31,2019,YearName,1049528869,1049889644.0,0.0,0.0
6,1,1,2019-12-31,2019 December,MonthName,88779514,88879887.0,0.0,0.0
6,1,1,2019-12-31,Q4 2019,QuarterName,263957557,262756462.0,0.0,0.0
17,1,1,2019-01-08,08/01/2019,DayName,0,0.2388994217665445,0.0,0.0
17,1,1,2019-01-09,09/01/2019,DayName,0,0.23673717257232765,0.0,0.0
17,1,1,2019-01-10,10/01/2019,DayName,0,0.2443238958338244,0.0,0.0
17,1,1,2019-01-11,11/01/2019,DayName,0,0.2068851959933187,0.0,0.0
17,1,1,2019-01-12,12/01/2019,DayName,0,0.20535359067573566,0.0,0.0
17,1,1,2019-01-13,13/01/2019,DayName,0,0.19637811591558849,0.0,0.0
17,1,1,2019-01-14,14/01/2019,DayName,0,0.18673436926482606,0.0,0.0
17,1,1,2019-01-15,15/01/2019,DayName,0,0.1997727880432258,0.0,0.2388994217665445
17,1,1,2019-01-16,16/01/2019,DayName,0,0.19359597301369685,0.0,0.23673717257232765
17,1,1,2019-01-17,17/01/2019,DayName,0,0.20084864541016734,0.0,0.2443238958338244
17,1,1,2019-01-18,18/01/2019,DayName,0,0.21060524963061947,0.0,0.2068851959933187
17,1,1,2019-01-19,19/01/2019,DayName,0,0.20590799961750614,0.0,0.20535359067573566
17,1,1,2019-01-20,20/01/2019,DayName,0,0.2110398833510219,0.0,0.19637811591558849
17,1,1,2019-01-21,21/01/2019,DayName,0,0.20098060950208246,0.0,0.18673436926482606
17,1,1,2019-01-22,22/01/2019,DayName,0,0.20066050562429386,0.0,0.1997727880432258
17,1,1,2019-01-23,23/01/2019,DayName,0,0.20178165340670687,0.0,0.19359597301369685
17,1,1,2019-01-24,24/01/2019,DayName,0,0.19844347632530607,0.0,0.20084864541016734
17,1,1,2019-01-25,25/01/2019,DayName,0,0.2017942680040203,0.0,0.21060524963061947
17,1,1,2019-01-26,26/01/2019,DayName,0,0.1968480120366155,0.0,0.20590799961750614
17,1,1,2019-01-27,27/01/2019,DayName,0,0.19657068752319634,0.0,0.2110398833510219
17,1,1,2019-01-28,28/01/2019,DayName,0,0.19168826746399564,0.0,0.20098060950208246
17,1,1,2019-01-29,29/01/2019,DayName,0,0.17783509657967078,0.0,0.20066050562429386
17,1,1,2019-01-30,30/01/2019,DayName,0,0.17325698289616964,0.0,0.20178165340670687
17,1,1,2019-01-31,2019 January,MonthName,0,4.853882487880749,0.0,0.0
17,1,1,2019-01-31,31/01/2019,DayName,0,0.17694062743028807,0.0,0.19844347632530607
17,1,1,2019-02-01,01/02/2019,DayName,0,0.1640297481752666,0.0,0.2017942680040203
17,1,1,2019-02-02,02/02/2019,DayName,0,0.16732434296539578,0.0,0.1968480120366155
17,1,1,2019-02-03,03/02/2019,DayName,0,0.16630930114368486,0.0,0.19657068752319634
17,1,1,2019-02-04,04/02/2019,DayName,0,0.1628176698240166,0.0,0.19168826746399564
17,1,1,2019-02-05,05/02/2019,DayName,0,0.16468671780834984,0.0,0.17783509657967078
17,1,1,2019-02-06,06/02/2019,DayName,0,0.16444482166263633,0.0,0.17325698289616964
17,1,1,2019-02-07,07/02/2019,DayName,0,0.16275739479595686,0.0,0.17694062743028807
17,1,1,2019-02-08,08/02/2019,DayName,0,0.1844126862886024,0.0,0.1640297481752666
17,1,1,2019-02-09,09/02/2019,DayName,0,0.19684771818826546,0.0,0.16732434296539578
17,1,1,2019-02-10,10/02/2019,DayName,0,0.1937134771457873,0.0,0.16630930114368486
17,1,1,2019-02-28,2019 February,MonthName,0,1.7273438779979622,0.0,4.853882487880749
17,1,1,2019-03-31,Q1 2019,QuarterName,0,6.58122636587871,0.0,0.0
17,1,1,2019-12-31,2019,YearName,0,6.58122636587871,0.0,0.0
17,1,2,2019-01-08,08/01/2019,DayName,0,130.577504990905,0.0,0.0
17,1,2,2019-01-09,09/01/2019,DayName,0,129.3736791237849,0.0,0.0
17,1,2,2019-01-10,10/01/2019,DayName,0,128.7663718039344,0.0,0.0
17,1,2,2019-01-11,11/01/2019,DayName,0,110.05007889476356,0.0,0.0
17,1,2,2019-01-12,12/01/2019,DayName,0,108.68765286093435,0.0,0.0
17,1,2,2019-01-13,13/01/2019,DayName,0,107.9026942758495,0.0,0.0
17,1,2,2019-01-14,14/01/2019,DayName,0,100.14049049601982,0.0,0.0
17,1,2,2019-01-15,15/01/2019,DayName,0,111.04312366317295,0.0,130.577504990905
17,1,2,2019-01-16,16/01/2019,DayName,0,104.98135383860895,0.0,129.3736791237849
17,1,2,2019-01-17,17/01/2019,DayName,0,107.2447884749375,0.0,128.7663718039344
17,1,2,2019-01-18,18/01/2019,DayName,0,107.0194636287742,0.0,110.05007889476356
17,1,2,2019-01-19,19/01/2019,DayName,0,104.83449924666692,0.0,108.68765286093435
17,1,2,2019-01-20,20/01/2019,DayName,0,108.13991624195438,0.0,107.9026942758495
17,1,2,2019-01-21,21/01/2019,DayName,0,103.46952485263728,0.0,100.14049049601982
17,1,2,2019-01-22,22/01/2019,DayName,0,101.87505521683157,0.0,111.04312366317295
17,1,2,2019-01-23,23/01/2019,DayName,0,103.67806579524964,0.0,104.98135383860895
17,1,2,2019-01-24,24/01/2019,DayName,0,102.24527970077119,0.0,107.2447884749375
17,1,2,2019-01-25,25/01/2019,DayName,0,102.77200845252749,0.0,107.0194636287742
17,1,2,2019-01-26,26/01/2019,DayName,0,100.98658276360551,0.0,104.83449924666692
17,1,2,2019-01-27,27/01/2019,DayName,0,101.11528683601172,0.0,108.13991624195438
17,1,2,2019-01-28,28/01/2019,DayName,0,98.57925616782532,0.0,103.46952485263728
17,1,2,2019-01-29,29/01/2019,DayName,0,92.17428260473713,0.0,101.87505521683157
17,1,2,2019-01-30,30/01/2019,DayName,0,91.466109669425,0.0,103.67806579524964
17,1,2,2019-01-31,2019 January,MonthName,0,2551.3941793939607,0.0,0.0
17,1,2,2019-01-31,31/01/2019,DayName,0,94.27110979403179,0.0,102.24527970077119
17,1,2,2019-02-01,01/02/2019,DayName,0,92.88970280703028,0.0,102.77200845252749
17,1,2,2019-02-02,02/02/2019,DayName,0,93.39697937415038,0.0,100.98658276360551
17,1,2,2019-02-03,03/02/2019,DayName,0,94.94061381788437,0.0,101.11528683601172
17,1,2,2019-02-04,04/02/2019,DayName,0,93.57766455665156,0.0,98.57925616782532
17,1,2,2019-02-05,05/02/2019,DayName,0,94.10300804650444,0.0,92.17428260473713
17,1,2,2019-02-06,06/02/2019,DayName,0,94.07948183030013,0.0,91.466109669425
17,1,2,2019-02-07,07/02/2019,DayName,0,92.04211205983488,0.0,94.27110979403179
17,1,2,2019-02-08,08/02/2019,DayName,0,91.95715092191887,0.0,92.88970280703028
17,1,2,2019-02-09,09/02/2019,DayName,0,105.34854150591472,0.0,93.39697937415038
17,1,2,2019-02-10,10/02/2019,DayName,0,105.4862157335491,0.0,94.94061381788437
17,1,2,2019-02-28,2019 February,MonthName,0,957.8214706537384,0.0,2551.3941793939607
17,1,2,2019-03-31,Q1 2019,QuarterName,0,3509.2156500476995,0.0,0.0
17,1,2,2019-12-31,2019,YearName,0,3509.2156500476995,0.0,0.0
18,1,1,2019-01-08,08/01/2019,DayName,0,6609115.213884537,0.0,0.0
18,1,1,2019-01-09,09/01/2019,DayName,0,8903108.686612586,0.0,0.0
18,1,1,2019-01-10,10/01/2019,DayName,0,9731384.824634032,0.0,0.0
18,1,1,2019-01-11,11/01/2019,DayName,0,12808337.783894835,0.0,0.0
18,1,1,2019-01-12,12/01/2019,DayName,0,6786597.6356538925,0.0,0.0
18,1,1,2019-01-13,13/01/2019,DayName,0,5056341.666168438,0.0,0.0
18,1,1,2019-01-14,14/01/2019,DayName,0,5318302.8742082,0.0,0.0
18,1,1,2019-01-15,15/01/2019,DayName,0,5556144.484158452,0.0,6609115.213884537
18,1,1,2019-01-16,16/01/2019,DayName,0,6655447.368353269,0.0,8903108.686612586
18,1,1,2019-01-17,17/01/2019,DayName,0,5339098.264208948,0.0,9731384.824634032
18,1,1,2019-01-18,18/01/2019,DayName,0,8180938.947242747,0.0,12808337.783894835
18,1,1,2019-01-19,19/01/2019,DayName,0,7642123.661940522,0.0,6786597.6356538925
18,1,1,2019-01-20,20/01/2019,DayName,0,3731481.3093775087,0.0,5056341.666168438
18,1,1,2019-01-21,21/01/2019,DayName,0,5013740.648115048,0.0,5318302.8742082
18,1,1,2019-01-22,22/01/2019,DayName,0,4610705.89442857,0.0,5556144.484158452
18,1,1,2019-01-23,23/01/2019,DayName,0,6908717.589844904,0.0,6655447.368353269
18,1,1,2019-01-24,24/01/2019,DayName,0,4728937.000968274,0.0,5339098.264208948
18,1,1,2019-01-25,25/01/2019,DayName,0,4309015.229492672,0.0,8180938.947242747
18,1,1,2019-01-26,26/01/2019,DayName,0,4611870.285643838,0.0,7642123.661940522
18,1,1,2019-01-27,27/01/2019,DayName,0,4061335.574468058,0.0,3731481.3093775087
18,1,1,2019-01-28,28/01/2019,DayName,0,5410848.480837879,0.0,5013740.648115048
18,1,1,2019-01-29,29/01/2019,DayName,0,5076956.1055829935,0.0,4610705.89442857
18,1,1,2019-01-30,30/01/2019,DayName,0,4619702.423001933,0.0,6908717.589844904
18,1,1,2019-01-31,2019 January,MonthName,0,147505577.97513616,0.0,0.0
18,1,1,2019-01-31,31/01/2019,DayName,0,5835326.022414029,0.0,4728937.000968274
18,1,1,2019-02-01,01/02/2019,DayName,0,7972300.543116545,0.0,4309015.229492672
18,1,1,2019-02-02,02/02/2019,DayName,0,5107621.482483611,0.0,4611870.285643838
18,1,1,2019-02-03,03/02/2019,DayName,0,3892265.045139394,0.0,4061335.574468058
18,1,1,2019-02-04,04/02/2019,DayName,0,2663092.4202432125,0.0,5410848.480837879
18,1,1,2019-02-05,05/02/2019,DayName,0,4164338.107531285,0.0,5076956.1055829935
18,1,1,2019-02-06,06/02/2019,DayName,0,4034837.384675989,0.0,4619702.423001933
18,1,1,2019-02-07,07/02/2019,DayName,0,4592238.4422002835,0.0,5835326.022414029
18,1,1,2019-02-08,08/02/2019,DayName,0,27639886.932239,0.0,7972300.543116545
18,1,1,2019-02-09,09/02/2019,DayName,0,13060996.378636973,0.0,5107621.482483611
18,1,1,2019-02-10,10/02/2019,DayName,0,5210144.059679747,0.0,3892265.045139394
18,1,1,2019-02-28,2019 February,MonthName,0,78337720.79594605,0.0,147505577.97513616
18,1,1,2019-03-31,Q1 2019,QuarterName,0,225843298.77108225,0.0,0.0
18,1,1,2019-12-31,2019,YearName,0,225843298.77108225,0.0,0.0
18,1,2,2019-01-08,08/01/2019,DayName,0,1993239557.120004,0.0,0.0
18,1,2,2019-01-09,09/01/2019,DayName,0,1768336590.1201594,0.0,0.0
18,1,2,2019-01-10,10/01/2019,DayName,0,1641142767.4560828,0.0,0.0
18,1,2,2019-01-11,11/01/2019,DayName,0,2371184765.1375656,0.0,0.0
18,1,2,2019-01-12,12/01/2019,DayName,0,1815498267.0149555,0.0,0.0
18,1,2,2019-01-13,13/01/2019,DayName,0,1311954662.2756484,0.0,0.0
18,1,2,2019-01-14,14/01/2019,DayName,0,1433341353.120289,0.0,0.0
18,1,2,2019-01-15,15/01/2019,DayName,0,1866067907.215496,0.0,1993239557.120004
18,1,2,2019-01-16,16/01/2019,DayName,0,1909629912.85512,0.0,1768336590.1201594
18,1,2,2019-01-17,17/01/2019,DayName,0,1854247633.1303766,0.0,1641142767.4560828
18,1,2,2019-01-18,18/01/2019,DayName,0,1714554374.8564675,0.0,2371184765.1375656
18,1,2,2019-01-19,19/01/2019,DayName,0,1486502945.5144124,0.0,1815498267.0149555
18,1,2,2019-01-20,20/01/2019,DayName,0,1621743660.2316732,0.0,1311954662.2756484
18,1,2,2019-01-21,21/01/2019,DayName,0,1731783010.7508855,0.0,1433341353.120289
18,1,2,2019-01-22,22/01/2019,DayName,0,1512339399.1113315,0.0,1866067907.215496
18,1,2,2019-01-23,23/01/2019,DayName,0,1553942278.7234635,0.0,1909629912.85512
18,1,2,2019-01-24,24/01/2019,DayName,0,1404982745.980694,0.0,1854247633.1303766
18,1,2,2019-01-25,25/01/2019,DayName,0,1419622593.8190534,0.0,1714554374.8564675
18,1,2,2019-01-26,26/01/2019,DayName,0,1413739345.3469002,0.0,1486502945.5144124
18,1,2,2019-01-27,27/01/2019,DayName,0,1256399759.0788288,0.0,1621743660.2316732
18,1,2,2019-01-28,28/01/2019,DayName,0,1536622798.5345585,0.0,1731783010.7508855
18,1,2,2019-01-29,29/01/2019,DayName,0,2040982011.5248191,0.0,1512339399.1113315
18,1,2,2019-01-30,30/01/2019,DayName,0,2235063491.9310217,0.0,1553942278.7234635
18,1,2,2019-01-31,2019 January,MonthName,0,41064354096.7409,0.0,0.0
18,1,2,2019-01-31,31/01/2019,DayName,0,2171432265.891093,0.0,1404982745.980694
18,1,2,2019-02-01,01/02/2019,DayName,0,1730067781.2560966,0.0,1419622593.8190534
18,1,2,2019-02-02,02/02/2019,DayName,0,1910966444.0053933,0.0,1413739345.3469002
18,1,2,2019-02-03,03/02/2019,DayName,0,1622594473.259842,0.0,1256399759.0788288
18,1,2,2019-02-04,04/02/2019,DayName,0,1719990272.175912,0.0,1536622798.5345585
18,1,2,2019-02-05,05/02/2019,DayName,0,1670774849.8513,0.0,2040982011.5248191
18,1,2,2019-02-06,06/02/2019,DayName,0,1622508847.8028502,0.0,2235063491.9310217
18,1,2,2019-02-07,07/02/2019,DayName,0,1784466187.7082157,0.0,2171432265.891093
18,1,2,2019-02-08,08/02/2019,DayName,0,1595477931.8779204,0.0,1730067781.2560966
18,1,2,2019-02-09,09/02/2019,DayName,0,2945953729.105537,0.0,1910966444.0053933
18,1,2,2019-02-10,10/02/2019,DayName,0,2013792462.1583047,0.0,1622594473.259842
18,1,2,2019-02-28,2019 February,MonthName,0,18616592979.20137,0.0,41064354096.7409
18,1,2,2019-03-31,Q1 2019,QuarterName,0,59680947075.942276,0.0,0.0
18,1,2,2019-12-31,2019,YearName,0,59680947075.942276,0.0,0.0
19,1,1,2019-01-08,08/01/2019,DayName,0,113034889.02955122,0.0,0.0
19,1,1,2019-01-09,09/01/2019,DayName,0,112072803.35030802,0.0,0.0
19,1,1,2019-01-10,10/01/2019,DayName,0,115608904.99070612,0.0,0.0
19,1,1,2019-01-11,11/01/2019,DayName,0,97940835.34949556,0.0,0.0
19,1,1,2019-01-12,12/01/2019,DayName,0,97007923.75629228,0.0,0.0
19,1,1,2019-01-13,13/01/2019,DayName,0,93114456.22640842,0.0,0.0
19,1,1,2019-01-14,14/01/2019,DayName,0,88401299.21547829,0.0,0.0
19,1,1,2019-01-15,15/01/2019,DayName,0,94556345.44543391,0.0,113034889.02955122
19,1,1,2019-01-16,16/01/2019,DayName,0,91707060.60300992,0.0,112072803.35030802
19,1,1,2019-01-17,17/01/2019,DayName,0,95128301.28092824,0.0,115608904.99070612
19,1,1,2019-01-18,18/01/2019,DayName,0,99687335.92252426,0.0,97940835.34949556
19,1,1,2019-01-19,19/01/2019,DayName,0,97567745.83562031,0.0,97007923.75629228
19,1,1,2019-01-20,20/01/2019,DayName,0,99919007.22596216,0.0,93114456.22640842
19,1,1,2019-01-21,21/01/2019,DayName,0,95183064.80736482,0.0,88401299.21547829
19,1,1,2019-01-22,22/01/2019,DayName,0,95017241.97598876,0.0,94556345.44543391
19,1,1,2019-01-23,23/01/2019,DayName,0,95478936.12873489,0.0,91707060.60300992
19,1,1,2019-01-24,24/01/2019,DayName,0,93944468.80378044,0.0,95128301.28092824
19,1,1,2019-01-25,25/01/2019,DayName,0,95557521.56375928,0.0,99687335.92252426
19,1,1,2019-01-26,26/01/2019,DayName,0,93189165.33968095,0.0,97567745.83562031
19,1,1,2019-01-27,27/01/2019,DayName,0,93057878.06039178,0.0,99919007.22596216
19,1,1,2019-01-28,28/01/2019,DayName,0,90802070.26854059,0.0,95183064.80736482
19,1,1,2019-01-29,29/01/2019,DayName,0,84188324.01151441,0.0,95017241.97598876
19,1,1,2019-01-30,30/01/2019,DayName,0,82054414.01356749,0.0,95478936.12873489
19,1,1,2019-01-31,2019 January,MonthName,0,2297984869.5393834,0.0,0.0
19,1,1,2019-01-31,31/01/2019,DayName,0,83764876.3343412,0.0,93944468.80378044
19,1,1,2019-02-01,01/02/2019,DayName,0,77652779.75216663,0.0,95557521.56375928
19,1,1,2019-02-02,02/02/2019,DayName,0,79212462.958759,0.0,93189165.33968095
19,1,1,2019-02-03,03/02/2019,DayName,0,78731935.3721633,0.0,93057878.06039178
19,1,1,2019-02-04,04/02/2019,DayName,0,77008425.00216791,0.0,90802070.26854059
19,1,1,2019-02-05,05/02/2019,DayName,0,77963793.57002094,0.0,84188324.01151441
19,1,1,2019-02-06,06/02/2019,DayName,0,77849278.31693456,0.0,82054414.01356749
19,1,1,2019-02-07,07/02/2019,DayName,0,77050439.15340586,0.0,83764876.3343412
19,1,1,2019-02-08,08/02/2019,DayName,0,87302198.96803764,0.0,77652779.75216663
19,1,1,2019-02-09,09/02/2019,DayName,0,93117191.05388348,0.0,79212462.958759
19,1,1,2019-02-10,10/02/2019,DayName,0,91704553.38211596,0.0,78731935.3721633
19,1,1,2019-02-28,2019 February,MonthName,0,817593057.5296552,0.0,2297984869.5393834
19,1,1,2019-03-31,Q1 2019,QuarterName,0,3115577927.069038,0.0,0.0
19,1,1,2019-12-31,2019,YearName,0,3115577927.069038,0.0,0.0
19,1,2,2019-01-08,08/01/2019,DayName,0,13601865230.104404,0.0,0.0
19,1,2,2019-01-09,09/01/2019,DayName,0,13493944054.112722,0.0,0.0
19,1,2,2019-01-10,10/01/2019,DayName,0,13433203183.74936,0.0,0.0
19,1,2,2019-01-11,11/01/2019,DayName,0,11497594272.989876,0.0,0.0
19,1,2,2019-01-12,12/01/2019,DayName,0,11316421994.270449,0.0,0.0
19,1,2,2019-01-13,13/01/2019,DayName,0,11255447433.406641,0.0,0.0
19,1,2,2019-01-14,14/01/2019,DayName,0,10445338614.834455,0.0,0.0
19,1,2,2019-01-15,15/01/2019,DayName,0,11603121162.418941,0.0,13601865230.104404
19,1,2,2019-01-16,16/01/2019,DayName,0,10962378821.057177,0.0,13493944054.112722
19,1,2,2019-01-17,17/01/2019,DayName,0,11220554480.084064,0.0,13433203183.74936
19,1,2,2019-01-18,18/01/2019,DayName,0,11176014667.954,0.0,11497594272.989876
19,1,2,2019-01-19,19/01/2019,DayName,0,10944943911.121023,0.0,11316421994.270449
19,1,2,2019-01-20,20/01/2019,DayName,0,11296893437.850693,0.0,11255447433.406641
19,1,2,2019-01-21,21/01/2019,DayName,0,10810838890.078259,0.0,10445338614.834455
19,1,2,2019-01-22,22/01/2019,DayName,0,10646544842.71201,0.0,11603121162.418941
19,1,2,2019-01-23,23/01/2019,DayName,0,10835967503.401258,0.0,10962378821.057177
19,1,2,2019-01-24,24/01/2019,DayName,0,10687834009.25654,0.0,11220554480.084064
19,1,2,2019-01-25,25/01/2019,DayName,0,10744546591.136557,0.0,11176014667.954
19,1,2,2019-01-26,26/01/2019,DayName,0,10559507151.037529,0.0,10944943911.121023
19,1,2,2019-01-27,27/01/2019,DayName,0,10574584012.98975,0.0,11296893437.850693
19,1,2,2019-01-28,28/01/2019,DayName,0,10315987059.81226,0.0,10810838890.078259
19,1,2,2019-01-29,29/01/2019,DayName,0,9633657189.769207,0.0,10646544842.71201
19,1,2,2019-01-30,30/01/2019,DayName,0,9580168971.079641,0.0,10835967503.401258
19,1,2,2019-01-31,2019 January,MonthName,0,266502051093.83435,0.0,0.0
19,1,2,2019-01-31,31/01/2019,DayName,0,9864693608.607565,0.0,10687834009.25654
19,1,2,2019-02-01,01/02/2019,DayName,0,9720124248.961105,0.0,10744546591.136557
19,1,2,2019-02-02,02/02/2019,DayName,0,9776114548.6365,0.0,10559507151.037529
19,1,2,2019-02-03,03/02/2019,DayName,0,9939175656.65375,0.0,10574584012.98975
19,1,2,2019-02-04,04/02/2019,DayName,0,9801806793.071098,0.0,10315987059.81226
19,1,2,2019-02-05,05/02/2019,DayName,0,9850564115.610573,0.0,9633657189.769207
19,1,2,2019-02-06,06/02/2019,DayName,0,9858265220.143827,0.0,9580168971.079641
19,1,2,2019-02-07,07/02/2019,DayName,0,9641381321.617529,0.0,9864693608.607565
19,1,2,2019-02-08,08/02/2019,DayName,0,9633894459.471443,0.0,9720124248.961105
19,1,2,2019-02-09,09/02/2019,DayName,0,11026569819.890402,0.0,9776114548.6365
19,1,2,2019-02-10,10/02/2019,DayName,0,11053335884.929316,0.0,9939175656.65375
19,1,2,2019-02-28,2019 February,MonthName,0,100301232068.98557,0.0,266502051093.83435
19,1,2,2019-03-31,Q1 2019,QuarterName,0,366803283162.8199,0.0,0.0
19,1,2,2019-12-31,2019,YearName,0,366803283162.8199,0.0,0.0
